id,threat,lat,lon
0,3,-38.5,-73.2
1,1,-38.5,-73.15
2,2,-38.5,-73.1
3,5,-38.5,-73.05
4,1,-38.5,-73.0
5,4,-38.5,-72.95
6,5,-38.5,-72.9
7,3,-38.5,-72.85
8,4,-38.5,-72.8
9,4,-38.5,-72.75
10,2,-38.5,-72.7
11,3,-38.5,-72.65
12,4,-38.5,-72.6
13,4,-38.5,-72.55
14,4,-38.5,-72.5
15,4,-38.5,-72.45
16,3,-38.5,-72.4
17,2,-38.5,-72.35
18,1,-38.5,-72.3
19,3,-38.5,-72.25
20,2,-38.5,-72.2
21,3,-38.5,-72.15
22,3,-38.5,-72.1
23,4,-38.5,-72.05
24,1,-38.5,-72.0
25,1,-38.5,-71.95
26,1,-38.5,-71.9
27,2,-38.5,-71.85
28,4,-38.5,-71.8
29,3,-38.5,-71.75
30,3,-38.5,-71.7
31,5,-38.5,-71.65
32,1,-38.5,-71.6
33,1,-38.5,-71.55
34,4,-38.5,-71.5
35,4,-38.5,-71.45
36,1,-38.5,-71.4
37,4,-38.5,-71.35
38,1,-38.5,-71.3
39,5,-38.5,-71.25
40,2,-38.5,-71.2
41,2,-38.45,-73.2
42,2,-38.45,-73.15
43,3,-38.45,-73.1
44,5,-38.45,-73.05
45,5,-38.45,-73.0
46,2,-38.45,-72.95
47,5,-38.45,-72.9
48,1,-38.45,-72.85
49,4,-38.45,-72.8
50,4,-38.45,-72.75
51,5,-38.45,-72.7
52,2,-38.45,-72.65
53,3,-38.45,-72.6
54,3,-38.45,-72.55
55,1,-38.45,-72.5
56,5,-38.45,-72.45
57,5,-38.45,-72.4
58,5,-38.45,-72.35
59,1,-38.45,-72.3
60,4,-38.45,-72.25
61,3,-38.45,-72.2
62,1,-38.45,-72.15
63,4,-38.45,-72.1
64,5,-38.45,-72.05
65,4,-38.45,-72.0
66,2,-38.45,-71.95
67,4,-38.45,-71.9
68,2,-38.45,-71.85
69,2,-38.45,-71.8
70,2,-38.45,-71.75
71,1,-38.45,-71.7
72,3,-38.45,-71.65
73,5,-38.45,-71.6
74,1,-38.45,-71.55
75,2,-38.45,-71.5
76,2,-38.45,-71.45
77,5,-38.45,-71.4
78,3,-38.45,-71.35
79,2,-38.45,-71.3
80,2,-38.45,-71.25
81,1,-38.45,-71.2
82,5,-38.4,-73.2
83,5,-38.4,-73.15
84,4,-38.4,-73.1
85,2,-38.4,-73.05
86,1,-38.4,-73.0
87,2,-38.4,-72.95
88,3,-38.4,-72.9
89,2,-38.4,-72.85
90,4,-38.4,-72.8
91,4,-38.4,-72.75
92,4,-38.4,-72.7
93,5,-38.4,-72.65
94,3,-38.4,-72.6
95,3,-38.4,-72.55
96,2,-38.4,-72.5
97,2,-38.4,-72.45
98,3,-38.4,-72.4
99,5,-38.4,-72.35
100,2,-38.4,-72.3
101,1,-38.4,-72.25
102,4,-38.4,-72.2
103,4,-38.4,-72.15
104,5,-38.4,-72.1
105,4,-38.4,-72.05
106,5,-38.4,-72.0
107,3,-38.4,-71.95
108,1,-38.4,-71.9
109,3,-38.4,-71.85
110,3,-38.4,-71.8
111,4,-38.4,-71.75
112,5,-38.4,-71.7
113,2,-38.4,-71.65
114,2,-38.4,-71.6
115,3,-38.4,-71.55
116,5,-38.4,-71.5
117,4,-38.4,-71.45
118,2,-38.4,-71.4
119,3,-38.4,-71.35
120,3,-38.4,-71.3
121,3,-38.4,-71.25
122,5,-38.4,-71.2
123,5,-38.35,-73.2
124,3,-38.35,-73.15
125,2,-38.35,-73.1
126,1,-38.35,-73.05
127,4,-38.35,-73.0
128,1,-38.35,-72.95
129,1,-38.35,-72.9
130,4,-38.35,-72.85
131,2,-38.35,-72.8
132,2,-38.35,-72.75
133,4,-38.35,-72.7
134,3,-38.35,-72.65
135,4,-38.35,-72.6
136,5,-38.35,-72.55
137,1,-38.35,-72.5
138,4,-38.35,-72.45
139,2,-38.35,-72.4
140,5,-38.35,-72.35
141,4,-38.35,-72.3
142,1,-38.35,-72.25
143,3,-38.35,-72.2
144,3,-38.35,-72.15
145,3,-38.35,-72.1
146,2,-38.35,-72.05
147,5,-38.35,-72.0
148,2,-38.35,-71.95
149,4,-38.35,-71.9
150,3,-38.35,-71.85
151,4,-38.35,-71.8
152,5,-38.35,-71.75
153,2,-38.35,-71.7
154,1,-38.35,-71.65
155,2,-38.35,-71.6
156,1,-38.35,-71.55
157,3,-38.35,-71.5
158,4,-38.35,-71.45
159,5,-38.35,-71.4
160,1,-38.35,-71.35
161,1,-38.35,-71.3
162,5,-38.35,-71.25
163,4,-38.35,-71.2
164,3,-38.3,-73.2
165,5,-38.3,-73.15
166,1,-38.3,-73.1
167,1,-38.3,-73.05
168,2,-38.3,-73.0
169,2,-38.3,-72.95
170,3,-38.3,-72.9
171,4,-38.3,-72.85
172,5,-38.3,-72.8
173,3,-38.3,-72.75
174,3,-38.3,-72.7
175,2,-38.3,-72.65
176,2,-38.3,-72.6
177,3,-38.3,-72.55
178,4,-38.3,-72.5
179,4,-38.3,-72.45
180,1,-38.3,-72.4
181,5,-38.3,-72.35
182,2,-38.3,-72.3
183,4,-38.3,-72.25
184,3,-38.3,-72.2
185,1,-38.3,-72.15
186,2,-38.3,-72.1
187,1,-38.3,-72.05
188,3,-38.3,-72.0
189,2,-38.3,-71.95
190,3,-38.3,-71.9
191,4,-38.3,-71.85
192,1,-38.3,-71.8
193,1,-38.3,-71.75
194,1,-38.3,-71.7
195,1,-38.3,-71.65
196,3,-38.3,-71.6
197,4,-38.3,-71.55
198,5,-38.3,-71.5
199,2,-38.3,-71.45
200,5,-38.3,-71.4
201,4,-38.3,-71.35
202,4,-38.3,-71.3
203,4,-38.3,-71.25
204,4,-38.3,-71.2
205,1,-38.25,-73.2
206,2,-38.25,-73.15
207,5,-38.25,-73.1
208,4,-38.25,-73.05
209,1,-38.25,-73.0
210,5,-38.25,-72.95
211,1,-38.25,-72.9
212,5,-38.25,-72.85
213,2,-38.25,-72.8
214,2,-38.25,-72.75
215,2,-38.25,-72.7
216,4,-38.25,-72.65
217,1,-38.25,-72.6
218,3,-38.25,-72.55
219,5,-38.25,-72.5
220,4,-38.25,-72.45
221,3,-38.25,-72.4
222,5,-38.25,-72.35
223,1,-38.25,-72.3
224,4,-38.25,-72.25
225,5,-38.25,-72.2
226,2,-38.25,-72.15
227,5,-38.25,-72.1
228,1,-38.25,-72.05
229,3,-38.25,-72.0
230,2,-38.25,-71.95
231,1,-38.25,-71.9
232,5,-38.25,-71.85
233,4,-38.25,-71.8
234,2,-38.25,-71.75
235,1,-38.25,-71.7
236,1,-38.25,-71.65
237,5,-38.25,-71.6
238,4,-38.25,-71.55
239,5,-38.25,-71.5
240,1,-38.25,-71.45
241,3,-38.25,-71.4
242,5,-38.25,-71.35
243,2,-38.25,-71.3
244,5,-38.25,-71.25
245,3,-38.25,-71.2
246,5,-38.2,-73.2
247,1,-38.2,-73.15
248,1,-38.2,-73.1
249,5,-38.2,-73.05
250,5,-38.2,-73.0
251,2,-38.2,-72.95
252,1,-38.2,-72.9
253,1,-38.2,-72.85
254,3,-38.2,-72.8
255,4,-38.2,-72.75
256,5,-38.2,-72.7
257,1,-38.2,-72.65
258,4,-38.2,-72.6
259,1,-38.2,-72.55
260,5,-38.2,-72.5
261,5,-38.2,-72.45
262,4,-38.2,-72.4
263,3,-38.2,-72.35
264,4,-38.2,-72.3
265,2,-38.2,-72.25
266,2,-38.2,-72.2
267,3,-38.2,-72.15
268,2,-38.2,-72.1
269,3,-38.2,-72.05
270,4,-38.2,-72.0
271,1,-38.2,-71.95
272,1,-38.2,-71.9
273,3,-38.2,-71.85
274,4,-38.2,-71.8
275,1,-38.2,-71.75
276,1,-38.2,-71.7
277,2,-38.2,-71.65
278,4,-38.2,-71.6
279,3,-38.2,-71.55
280,1,-38.2,-71.5
281,2,-38.2,-71.45
282,5,-38.2,-71.4
283,5,-38.2,-71.35
284,5,-38.2,-71.3
285,1,-38.2,-71.25
286,5,-38.2,-71.2
287,5,-38.15,-73.2
288,2,-38.15,-73.15
289,1,-38.15,-73.1
290,1,-38.15,-73.05
291,2,-38.15,-73.0
292,3,-38.15,-72.95
293,4,-38.15,-72.9
294,4,-38.15,-72.85
295,5,-38.15,-72.8
296,3,-38.15,-72.75
297,4,-38.15,-72.7
298,1,-38.15,-72.65
299,5,-38.15,-72.6
300,3,-38.15,-72.55
301,4,-38.15,-72.5
302,1,-38.15,-72.45
303,5,-38.15,-72.4
304,5,-38.15,-72.35
305,1,-38.15,-72.3
306,2,-38.15,-72.25
307,1,-38.15,-72.2
308,4,-38.15,-72.15
309,4,-38.15,-72.1
310,4,-38.15,-72.05
311,2,-38.15,-72.0
312,3,-38.15,-71.95
313,2,-38.15,-71.9
314,4,-38.15,-71.85
315,4,-38.15,-71.8
316,2,-38.15,-71.75
317,2,-38.15,-71.7
318,4,-38.15,-71.65
319,4,-38.15,-71.6
320,2,-38.15,-71.55
321,1,-38.15,-71.5
322,1,-38.15,-71.45
323,5,-38.15,-71.4
324,4,-38.15,-71.35
325,2,-38.15,-71.3
326,4,-38.15,-71.25
327,4,-38.15,-71.2
328,2,-38.1,-73.2
329,1,-38.1,-73.15
330,2,-38.1,-73.1
331,3,-38.1,-73.05
332,4,-38.1,-73.0
333,3,-38.1,-72.95
334,4,-38.1,-72.9
335,2,-38.1,-72.85
336,5,-38.1,-72.8
337,2,-38.1,-72.75
338,5,-38.1,-72.7
339,3,-38.1,-72.65
340,4,-38.1,-72.6
341,4,-38.1,-72.55
342,2,-38.1,-72.5
343,1,-38.1,-72.45
344,4,-38.1,-72.4
345,3,-38.1,-72.35
346,5,-38.1,-72.3
347,4,-38.1,-72.25
348,4,-38.1,-72.2
349,1,-38.1,-72.15
350,2,-38.1,-72.1
351,3,-38.1,-72.05
352,4,-38.1,-72.0
353,5,-38.1,-71.95
354,2,-38.1,-71.9
355,4,-38.1,-71.85
356,1,-38.1,-71.8
357,4,-38.1,-71.75
358,1,-38.1,-71.7
359,5,-38.1,-71.65
360,1,-38.1,-71.6
361,2,-38.1,-71.55
362,4,-38.1,-71.5
363,5,-38.1,-71.45
364,5,-38.1,-71.4
365,1,-38.1,-71.35
366,5,-38.1,-71.3
367,1,-38.1,-71.25
368,3,-38.1,-71.2
369,3,-38.05,-73.2
370,5,-38.05,-73.15
371,1,-38.05,-73.1
372,1,-38.05,-73.05
373,1,-38.05,-73.0
374,1,-38.05,-72.95
375,2,-38.05,-72.9
376,3,-38.05,-72.85
377,4,-38.05,-72.8
378,4,-38.05,-72.75
379,3,-38.05,-72.7
380,2,-38.05,-72.65
381,2,-38.05,-72.6
382,5,-38.05,-72.55
383,1,-38.05,-72.5
384,2,-38.05,-72.45
385,1,-38.05,-72.4
386,4,-38.05,-72.35
387,2,-38.05,-72.3
388,1,-38.05,-72.25
389,5,-38.05,-72.2
390,2,-38.05,-72.15
391,2,-38.05,-72.1
392,5,-38.05,-72.05
393,2,-38.05,-72.0
394,4,-38.05,-71.95
395,2,-38.05,-71.9
396,3,-38.05,-71.85
397,3,-38.05,-71.8
398,2,-38.05,-71.75
399,5,-38.05,-71.7
400,1,-38.05,-71.65
401,5,-38.05,-71.6
402,4,-38.05,-71.55
403,2,-38.05,-71.5
404,1,-38.05,-71.45
405,5,-38.05,-71.4
406,2,-38.05,-71.35
407,5,-38.05,-71.3
408,4,-38.05,-71.25
409,3,-38.05,-71.2
410,2,-38.0,-73.2
411,3,-38.0,-73.15
412,1,-38.0,-73.1
413,1,-38.0,-73.05
414,1,-38.0,-73.0
415,5,-38.0,-72.95
416,4,-38.0,-72.9
417,4,-38.0,-72.85
418,1,-38.0,-72.8
419,4,-38.0,-72.75
420,4,-38.0,-72.7
421,3,-38.0,-72.65
422,1,-38.0,-72.6
423,5,-38.0,-72.55
424,2,-38.0,-72.5
425,1,-38.0,-72.45
426,3,-38.0,-72.4
427,1,-38.0,-72.35
428,4,-38.0,-72.3
429,2,-38.0,-72.25
430,1,-38.0,-72.2
431,3,-38.0,-72.15
432,2,-38.0,-72.1
433,3,-38.0,-72.05
434,2,-38.0,-72.0
435,3,-38.0,-71.95
436,3,-38.0,-71.9
437,2,-38.0,-71.85
438,3,-38.0,-71.8
439,2,-38.0,-71.75
440,1,-38.0,-71.7
441,5,-38.0,-71.65
442,2,-38.0,-71.6
443,3,-38.0,-71.55
444,3,-38.0,-71.5
445,3,-38.0,-71.45
446,2,-38.0,-71.4
447,2,-38.0,-71.35
448,4,-38.0,-71.3
449,5,-38.0,-71.25
450,5,-38.0,-71.2
451,2,-37.95,-73.2
452,3,-37.95,-73.15
453,2,-37.95,-73.1
454,2,-37.95,-73.05
455,2,-37.95,-73.0
456,4,-37.95,-72.95
457,4,-37.95,-72.9
458,5,-37.95,-72.85
459,1,-37.95,-72.8
460,1,-37.95,-72.75
461,2,-37.95,-72.7
462,2,-37.95,-72.65
463,1,-37.95,-72.6
464,4,-37.95,-72.55
465,1,-37.95,-72.5
466,5,-37.95,-72.45
467,1,-37.95,-72.4
468,2,-37.95,-72.35
469,2,-37.95,-72.3
470,2,-37.95,-72.25
471,2,-37.95,-72.2
472,1,-37.95,-72.15
473,5,-37.95,-72.1
474,3,-37.95,-72.05
475,1,-37.95,-72.0
476,2,-37.95,-71.95
477,5,-37.95,-71.9
478,3,-37.95,-71.85
479,2,-37.95,-71.8
480,4,-37.95,-71.75
481,5,-37.95,-71.7
482,5,-37.95,-71.65
483,4,-37.95,-71.6
484,2,-37.95,-71.55
485,2,-37.95,-71.5
486,1,-37.95,-71.45
487,3,-37.95,-71.4
488,5,-37.95,-71.35
489,4,-37.95,-71.3
490,5,-37.95,-71.25
491,5,-37.95,-71.2
492,1,-37.9,-73.2
493,3,-37.9,-73.15
494,4,-37.9,-73.1
495,1,-37.9,-73.05
496,3,-37.9,-73.0
497,2,-37.9,-72.95
498,5,-37.9,-72.9
499,1,-37.9,-72.85
500,1,-37.9,-72.8
501,2,-37.9,-72.75
502,4,-37.9,-72.7
503,4,-37.9,-72.65
504,4,-37.9,-72.6
505,2,-37.9,-72.55
506,1,-37.9,-72.5
507,4,-37.9,-72.45
508,5,-37.9,-72.4
509,5,-37.9,-72.35
510,4,-37.9,-72.3
511,2,-37.9,-72.25
512,4,-37.9,-72.2
513,2,-37.9,-72.15
514,3,-37.9,-72.1
515,4,-37.9,-72.05
516,1,-37.9,-72.0
517,1,-37.9,-71.95
518,2,-37.9,-71.9
519,1,-37.9,-71.85
520,4,-37.9,-71.8
521,1,-37.9,-71.75
522,4,-37.9,-71.7
523,2,-37.9,-71.65
524,2,-37.9,-71.6
525,2,-37.9,-71.55
526,3,-37.9,-71.5
527,1,-37.9,-71.45
528,1,-37.9,-71.4
529,5,-37.9,-71.35
530,4,-37.9,-71.3
531,3,-37.9,-71.25
532,3,-37.9,-71.2
533,1,-37.85,-73.2
534,1,-37.85,-73.15
535,3,-37.85,-73.1
536,1,-37.85,-73.05
537,3,-37.85,-73.0
538,4,-37.85,-72.95
539,3,-37.85,-72.9
540,2,-37.85,-72.85
541,3,-37.85,-72.8
542,3,-37.85,-72.75
543,5,-37.85,-72.7
544,4,-37.85,-72.65
545,4,-37.85,-72.6
546,2,-37.85,-72.55
547,4,-37.85,-72.5
548,3,-37.85,-72.45
549,4,-37.85,-72.4
550,1,-37.85,-72.35
551,3,-37.85,-72.3
552,3,-37.85,-72.25
553,2,-37.85,-72.2
554,2,-37.85,-72.15
555,5,-37.85,-72.1
556,4,-37.85,-72.05
557,3,-37.85,-72.0
558,5,-37.85,-71.95
559,2,-37.85,-71.9
560,3,-37.85,-71.85
561,3,-37.85,-71.8
562,4,-37.85,-71.75
563,2,-37.85,-71.7
564,2,-37.85,-71.65
565,3,-37.85,-71.6
566,2,-37.85,-71.55
567,3,-37.85,-71.5
568,2,-37.85,-71.45
569,4,-37.85,-71.4
570,4,-37.85,-71.35
571,1,-37.85,-71.3
572,2,-37.85,-71.25
573,2,-37.85,-71.2
574,4,-37.8,-73.2
575,1,-37.8,-73.15
576,2,-37.8,-73.1
577,1,-37.8,-73.05
578,1,-37.8,-73.0
579,2,-37.8,-72.95
580,1,-37.8,-72.9
581,1,-37.8,-72.85
582,4,-37.8,-72.8
583,4,-37.8,-72.75
584,2,-37.8,-72.7
585,4,-37.8,-72.65
586,1,-37.8,-72.6
587,4,-37.8,-72.55
588,1,-37.8,-72.5
589,3,-37.8,-72.45
590,2,-37.8,-72.4
591,5,-37.8,-72.35
592,2,-37.8,-72.3
593,2,-37.8,-72.25
594,4,-37.8,-72.2
595,2,-37.8,-72.15
596,5,-37.8,-72.1
597,1,-37.8,-72.05
598,1,-37.8,-72.0
599,2,-37.8,-71.95
600,1,-37.8,-71.9
601,1,-37.8,-71.85
602,1,-37.8,-71.8
603,2,-37.8,-71.75
604,5,-37.8,-71.7
605,2,-37.8,-71.65
606,2,-37.8,-71.6
607,5,-37.8,-71.55
608,2,-37.8,-71.5
609,3,-37.8,-71.45
610,1,-37.8,-71.4
611,4,-37.8,-71.35
612,2,-37.8,-71.3
613,2,-37.8,-71.25
614,2,-37.8,-71.2
615,2,-37.75,-73.2
616,2,-37.75,-73.15
617,4,-37.75,-73.1
618,4,-37.75,-73.05
619,1,-37.75,-73.0
620,5,-37.75,-72.95
621,3,-37.75,-72.9
622,2,-37.75,-72.85
623,2,-37.75,-72.8
624,1,-37.75,-72.75
625,1,-37.75,-72.7
626,1,-37.75,-72.65
627,1,-37.75,-72.6
628,3,-37.75,-72.55
629,2,-37.75,-72.5
630,1,-37.75,-72.45
631,1,-37.75,-72.4
632,3,-37.75,-72.35
633,3,-37.75,-72.3
634,1,-37.75,-72.25
635,3,-37.75,-72.2
636,1,-37.75,-72.15
637,4,-37.75,-72.1
638,1,-37.75,-72.05
639,4,-37.75,-72.0
640,1,-37.75,-71.95
641,4,-37.75,-71.9
642,2,-37.75,-71.85
643,5,-37.75,-71.8
644,1,-37.75,-71.75
645,1,-37.75,-71.7
646,3,-37.75,-71.65
647,4,-37.75,-71.6
648,4,-37.75,-71.55
649,2,-37.75,-71.5
650,4,-37.75,-71.45
651,2,-37.75,-71.4
652,1,-37.75,-71.35
653,5,-37.75,-71.3
654,5,-37.75,-71.25
655,2,-37.75,-71.2
656,3,-37.7,-73.2
657,2,-37.7,-73.15
658,5,-37.7,-73.1
659,2,-37.7,-73.05
660,5,-37.7,-73.0
661,1,-37.7,-72.95
662,1,-37.7,-72.9
663,2,-37.7,-72.85
664,3,-37.7,-72.8
665,5,-37.7,-72.75
666,5,-37.7,-72.7
667,1,-37.7,-72.65
668,1,-37.7,-72.6
669,4,-37.7,-72.55
670,3,-37.7,-72.5
671,4,-37.7,-72.45
672,3,-37.7,-72.4
673,1,-37.7,-72.35
674,4,-37.7,-72.3
675,4,-37.7,-72.25
676,5,-37.7,-72.2
677,2,-37.7,-72.15
678,2,-37.7,-72.1
679,2,-37.7,-72.05
680,2,-37.7,-72.0
681,2,-37.7,-71.95
682,4,-37.7,-71.9
683,4,-37.7,-71.85
684,3,-37.7,-71.8
685,3,-37.7,-71.75
686,1,-37.7,-71.7
687,3,-37.7,-71.65
688,2,-37.7,-71.6
689,3,-37.7,-71.55
690,3,-37.7,-71.5
691,2,-37.7,-71.45
692,3,-37.7,-71.4
693,1,-37.7,-71.35
694,5,-37.7,-71.3
695,2,-37.7,-71.25
696,4,-37.7,-71.2
697,3,-37.65,-73.2
698,3,-37.65,-73.15
699,5,-37.65,-73.1
700,5,-37.65,-73.05
701,1,-37.65,-73.0
702,5,-37.65,-72.95
703,1,-37.65,-72.9
704,2,-37.65,-72.85
705,4,-37.65,-72.8
706,2,-37.65,-72.75
707,1,-37.65,-72.7
708,3,-37.65,-72.65
709,2,-37.65,-72.6
710,5,-37.65,-72.55
711,5,-37.65,-72.5
712,4,-37.65,-72.45
713,4,-37.65,-72.4
714,3,-37.65,-72.35
715,4,-37.65,-72.3
716,2,-37.65,-72.25
717,1,-37.65,-72.2
718,5,-37.65,-72.15
719,3,-37.65,-72.1
720,3,-37.65,-72.05
721,1,-37.65,-72.0
722,4,-37.65,-71.95
723,5,-37.65,-71.9
724,3,-37.65,-71.85
725,1,-37.65,-71.8
726,1,-37.65,-71.75
727,1,-37.65,-71.7
728,4,-37.65,-71.65
729,3,-37.65,-71.6
730,2,-37.65,-71.55
731,2,-37.65,-71.5
732,1,-37.65,-71.45
733,1,-37.65,-71.4
734,5,-37.65,-71.35
735,5,-37.65,-71.3
736,3,-37.65,-71.25
737,2,-37.65,-71.2
738,3,-37.6,-73.2
739,2,-37.6,-73.15
740,1,-37.6,-73.1
741,5,-37.6,-73.05
742,2,-37.6,-73.0
743,4,-37.6,-72.95
744,5,-37.6,-72.9
745,5,-37.6,-72.85
746,2,-37.6,-72.8
747,1,-37.6,-72.75
748,5,-37.6,-72.7
749,4,-37.6,-72.65
750,3,-37.6,-72.6
751,1,-37.6,-72.55
752,2,-37.6,-72.5
753,1,-37.6,-72.45
754,4,-37.6,-72.4
755,1,-37.6,-72.35
756,4,-37.6,-72.3
757,3,-37.6,-72.25
758,3,-37.6,-72.2
759,4,-37.6,-72.15
760,1,-37.6,-72.1
761,1,-37.6,-72.05
762,1,-37.6,-72.0
763,3,-37.6,-71.95
764,2,-37.6,-71.9
765,2,-37.6,-71.85
766,3,-37.6,-71.8
767,1,-37.6,-71.75
768,4,-37.6,-71.7
769,2,-37.6,-71.65
770,1,-37.6,-71.6
771,4,-37.6,-71.55
772,1,-37.6,-71.5
773,3,-37.6,-71.45
774,3,-37.6,-71.4
775,1,-37.6,-71.35
776,4,-37.6,-71.3
777,5,-37.6,-71.25
778,5,-37.6,-71.2
779,3,-37.55,-73.2
780,5,-37.55,-73.15
781,2,-37.55,-73.1
782,2,-37.55,-73.05
783,4,-37.55,-73.0
784,4,-37.55,-72.95
785,2,-37.55,-72.9
786,5,-37.55,-72.85
787,5,-37.55,-72.8
788,5,-37.55,-72.75
789,4,-37.55,-72.7
790,3,-37.55,-72.65
791,3,-37.55,-72.6
792,3,-37.55,-72.55
793,4,-37.55,-72.5
794,2,-37.55,-72.45
795,4,-37.55,-72.4
796,5,-37.55,-72.35
797,4,-37.55,-72.3
798,1,-37.55,-72.25
799,4,-37.55,-72.2
800,2,-37.55,-72.15
801,3,-37.55,-72.1
802,1,-37.55,-72.05
803,5,-37.55,-72.0
804,3,-37.55,-71.95
805,3,-37.55,-71.9
806,2,-37.55,-71.85
807,2,-37.55,-71.8
808,2,-37.55,-71.75
809,2,-37.55,-71.7
810,3,-37.55,-71.65
811,1,-37.55,-71.6
812,4,-37.55,-71.55
813,4,-37.55,-71.5
814,3,-37.55,-71.45
815,5,-37.55,-71.4
816,3,-37.55,-71.35
817,3,-37.55,-71.3
818,1,-37.55,-71.25
819,3,-37.55,-71.2
820,3,-37.5,-73.2
821,4,-37.5,-73.15
822,2,-37.5,-73.1
823,3,-37.5,-73.05
824,1,-37.5,-73.0
825,5,-37.5,-72.95
826,5,-37.5,-72.9
827,2,-37.5,-72.85
828,1,-37.5,-72.8
829,2,-37.5,-72.75
830,3,-37.5,-72.7
831,5,-37.5,-72.65
832,3,-37.5,-72.6
833,3,-37.5,-72.55
834,1,-37.5,-72.5
835,1,-37.5,-72.45
836,5,-37.5,-72.4
837,5,-37.5,-72.35
838,2,-37.5,-72.3
839,1,-37.5,-72.25
840,1,-37.5,-72.2
841,5,-37.5,-72.15
842,1,-37.5,-72.1
843,1,-37.5,-72.05
844,4,-37.5,-72.0
845,3,-37.5,-71.95
846,2,-37.5,-71.9
847,3,-37.5,-71.85
848,1,-37.5,-71.8
849,4,-37.5,-71.75
850,1,-37.5,-71.7
851,1,-37.5,-71.65
852,5,-37.5,-71.6
853,2,-37.5,-71.55
854,2,-37.5,-71.5
855,5,-37.5,-71.45
856,1,-37.5,-71.4
857,3,-37.5,-71.35
858,3,-37.5,-71.3
859,3,-37.5,-71.25
860,4,-37.5,-71.2
861,3,-37.45,-73.2
862,5,-37.45,-73.15
863,2,-37.45,-73.1
864,1,-37.45,-73.05
865,2,-37.45,-73.0
866,3,-37.45,-72.95
867,3,-37.45,-72.9
868,5,-37.45,-72.85
869,3,-37.45,-72.8
870,3,-37.45,-72.75
871,5,-37.45,-72.7
872,4,-37.45,-72.65
873,5,-37.45,-72.6
874,4,-37.45,-72.55
875,2,-37.45,-72.5
876,2,-37.45,-72.45
877,1,-37.45,-72.4
878,4,-37.45,-72.35
879,2,-37.45,-72.3
880,3,-37.45,-72.25
881,2,-37.45,-72.2
882,3,-37.45,-72.15
883,2,-37.45,-72.1
884,2,-37.45,-72.05
885,1,-37.45,-72.0
886,4,-37.45,-71.95
887,5,-37.45,-71.9
888,4,-37.45,-71.85
889,3,-37.45,-71.8
890,3,-37.45,-71.75
891,5,-37.45,-71.7
892,5,-37.45,-71.65
893,2,-37.45,-71.6
894,3,-37.45,-71.55
895,5,-37.45,-71.5
896,3,-37.45,-71.45
897,4,-37.45,-71.4
898,3,-37.45,-71.35
899,5,-37.45,-71.3
900,1,-37.45,-71.25
901,1,-37.45,-71.2
902,4,-37.4,-73.2
903,5,-37.4,-73.15
904,4,-37.4,-73.1
905,5,-37.4,-73.05
906,1,-37.4,-73.0
907,1,-37.4,-72.95
908,1,-37.4,-72.9
909,2,-37.4,-72.85
910,4,-37.4,-72.8
911,3,-37.4,-72.75
912,1,-37.4,-72.7
913,5,-37.4,-72.65
914,3,-37.4,-72.6
915,5,-37.4,-72.55
916,5,-37.4,-72.5
917,4,-37.4,-72.45
918,1,-37.4,-72.4
919,2,-37.4,-72.35
920,5,-37.4,-72.3
921,1,-37.4,-72.25
922,2,-37.4,-72.2
923,3,-37.4,-72.15
924,4,-37.4,-72.1
925,2,-37.4,-72.05
926,4,-37.4,-72.0
927,5,-37.4,-71.95
928,2,-37.4,-71.9
929,3,-37.4,-71.85
930,5,-37.4,-71.8
931,1,-37.4,-71.75
932,2,-37.4,-71.7
933,3,-37.4,-71.65
934,2,-37.4,-71.6
935,3,-37.4,-71.55
936,4,-37.4,-71.5
937,4,-37.4,-71.45
938,5,-37.4,-71.4
939,4,-37.4,-71.35
940,5,-37.4,-71.3
941,3,-37.4,-71.25
942,4,-37.4,-71.2
943,5,-37.35,-73.2
944,5,-37.35,-73.15
945,2,-37.35,-73.1
946,1,-37.35,-73.05
947,3,-37.35,-73.0
948,2,-37.35,-72.95
949,2,-37.35,-72.9
950,4,-37.35,-72.85
951,1,-37.35,-72.8
952,3,-37.35,-72.75
953,3,-37.35,-72.7
954,1,-37.35,-72.65
955,4,-37.35,-72.6
956,5,-37.35,-72.55
957,3,-37.35,-72.5
958,2,-37.35,-72.45
959,2,-37.35,-72.4
960,3,-37.35,-72.35
961,3,-37.35,-72.3
962,5,-37.35,-72.25
963,3,-37.35,-72.2
964,5,-37.35,-72.15
965,1,-37.35,-72.1
966,2,-37.35,-72.05
967,1,-37.35,-72.0
968,1,-37.35,-71.95
969,4,-37.35,-71.9
970,1,-37.35,-71.85
971,5,-37.35,-71.8
972,4,-37.35,-71.75
973,5,-37.35,-71.7
974,2,-37.35,-71.65
975,1,-37.35,-71.6
976,3,-37.35,-71.55
977,1,-37.35,-71.5
978,5,-37.35,-71.45
979,3,-37.35,-71.4
980,2,-37.35,-71.35
981,4,-37.35,-71.3
982,5,-37.35,-71.25
983,5,-37.35,-71.2
984,3,-37.3,-73.2
985,3,-37.3,-73.15
986,4,-37.3,-73.1
987,1,-37.3,-73.05
988,1,-37.3,-73.0
989,2,-37.3,-72.95
990,1,-37.3,-72.9
991,4,-37.3,-72.85
992,2,-37.3,-72.8
993,2,-37.3,-72.75
994,3,-37.3,-72.7
995,4,-37.3,-72.65
996,1,-37.3,-72.6
997,1,-37.3,-72.55
998,4,-37.3,-72.5
999,5,-37.3,-72.45
1000,2,-37.3,-72.4
1001,3,-37.3,-72.35
1002,1,-37.3,-72.3
1003,1,-37.3,-72.25
1004,2,-37.3,-72.2
1005,5,-37.3,-72.15
1006,4,-37.3,-72.1
1007,4,-37.3,-72.05
1008,5,-37.3,-72.0
1009,4,-37.3,-71.95
1010,1,-37.3,-71.9
1011,5,-37.3,-71.85
1012,4,-37.3,-71.8
1013,2,-37.3,-71.75
1014,1,-37.3,-71.7
1015,5,-37.3,-71.65
1016,5,-37.3,-71.6
1017,4,-37.3,-71.55
1018,3,-37.3,-71.5
1019,4,-37.3,-71.45
1020,2,-37.3,-71.4
1021,3,-37.3,-71.35
1022,3,-37.3,-71.3
1023,3,-37.3,-71.25
1024,2,-37.3,-71.2
1025,3,-37.25,-73.2
1026,2,-37.25,-73.15
1027,4,-37.25,-73.1
1028,1,-37.25,-73.05
1029,5,-37.25,-73.0
1030,2,-37.25,-72.95
1031,5,-37.25,-72.9
1032,2,-37.25,-72.85
1033,1,-37.25,-72.8
1034,4,-37.25,-72.75
1035,2,-37.25,-72.7
1036,3,-37.25,-72.65
1037,5,-37.25,-72.6
1038,4,-37.25,-72.55
1039,1,-37.25,-72.5
1040,2,-37.25,-72.45
1041,2,-37.25,-72.4
1042,5,-37.25,-72.35
1043,3,-37.25,-72.3
1044,5,-37.25,-72.25
1045,2,-37.25,-72.2
1046,4,-37.25,-72.15
1047,3,-37.25,-72.1
1048,5,-37.25,-72.05
1049,2,-37.25,-72.0
1050,3,-37.25,-71.95
1051,5,-37.25,-71.9
1052,3,-37.25,-71.85
1053,5,-37.25,-71.8
1054,3,-37.25,-71.75
1055,2,-37.25,-71.7
1056,1,-37.25,-71.65
1057,1,-37.25,-71.6
1058,4,-37.25,-71.55
1059,2,-37.25,-71.5
1060,3,-37.25,-71.45
1061,3,-37.25,-71.4
1062,5,-37.25,-71.35
1063,5,-37.25,-71.3
1064,5,-37.25,-71.25
1065,4,-37.25,-71.2
1066,4,-37.2,-73.2
1067,2,-37.2,-73.15
1068,2,-37.2,-73.1
1069,2,-37.2,-73.05
1070,1,-37.2,-73.0
1071,4,-37.2,-72.95
1072,3,-37.2,-72.9
1073,1,-37.2,-72.85
1074,5,-37.2,-72.8
1075,4,-37.2,-72.75
1076,5,-37.2,-72.7
1077,4,-37.2,-72.65
1078,4,-37.2,-72.6
1079,2,-37.2,-72.55
1080,3,-37.2,-72.5
1081,4,-37.2,-72.45
1082,4,-37.2,-72.4
1083,2,-37.2,-72.35
1084,5,-37.2,-72.3
1085,1,-37.2,-72.25
1086,4,-37.2,-72.2
1087,1,-37.2,-72.15
1088,3,-37.2,-72.1
1089,3,-37.2,-72.05
1090,1,-37.2,-72.0
1091,2,-37.2,-71.95
1092,2,-37.2,-71.9
1093,1,-37.2,-71.85
1094,2,-37.2,-71.8
1095,3,-37.2,-71.75
1096,1,-37.2,-71.7
1097,5,-37.2,-71.65
1098,3,-37.2,-71.6
1099,5,-37.2,-71.55
1100,4,-37.2,-71.5
1101,2,-37.2,-71.45
1102,2,-37.2,-71.4
1103,5,-37.2,-71.35
1104,1,-37.2,-71.3
1105,3,-37.2,-71.25
1106,3,-37.2,-71.2
1107,5,-37.15,-73.2
1108,3,-37.15,-73.15
1109,4,-37.15,-73.1
1110,3,-37.15,-73.05
1111,2,-37.15,-73.0
1112,3,-37.15,-72.95
1113,4,-37.15,-72.9
1114,1,-37.15,-72.85
1115,2,-37.15,-72.8
1116,3,-37.15,-72.75
1117,1,-37.15,-72.7
1118,4,-37.15,-72.65
1119,1,-37.15,-72.6
1120,5,-37.15,-72.55
1121,5,-37.15,-72.5
1122,4,-37.15,-72.45
1123,3,-37.15,-72.4
1124,4,-37.15,-72.35
1125,1,-37.15,-72.3
1126,2,-37.15,-72.25
1127,1,-37.15,-72.2
1128,1,-37.15,-72.15
1129,5,-37.15,-72.1
1130,3,-37.15,-72.05
1131,1,-37.15,-72.0
1132,4,-37.15,-71.95
1133,2,-37.15,-71.9
1134,4,-37.15,-71.85
1135,1,-37.15,-71.8
1136,4,-37.15,-71.75
1137,2,-37.15,-71.7
1138,2,-37.15,-71.65
1139,5,-37.15,-71.6
1140,3,-37.15,-71.55
1141,1,-37.15,-71.5
1142,5,-37.15,-71.45
1143,2,-37.15,-71.4
1144,5,-37.15,-71.35
1145,3,-37.15,-71.3
1146,5,-37.15,-71.25
1147,3,-37.15,-71.2
1148,4,-37.1,-73.2
1149,3,-37.1,-73.15
1150,5,-37.1,-73.1
1151,3,-37.1,-73.05
1152,5,-37.1,-73.0
1153,3,-37.1,-72.95
1154,4,-37.1,-72.9
1155,1,-37.1,-72.85
1156,2,-37.1,-72.8
1157,1,-37.1,-72.75
1158,5,-37.1,-72.7
1159,4,-37.1,-72.65
1160,3,-37.1,-72.6
1161,2,-37.1,-72.55
1162,5,-37.1,-72.5
1163,3,-37.1,-72.45
1164,3,-37.1,-72.4
1165,5,-37.1,-72.35
1166,4,-37.1,-72.3
1167,4,-37.1,-72.25
1168,2,-37.1,-72.2
1169,3,-37.1,-72.15
1170,2,-37.1,-72.1
1171,4,-37.1,-72.05
1172,4,-37.1,-72.0
1173,3,-37.1,-71.95
1174,1,-37.1,-71.9
1175,3,-37.1,-71.85
1176,2,-37.1,-71.8
1177,2,-37.1,-71.75
1178,5,-37.1,-71.7
1179,3,-37.1,-71.65
1180,4,-37.1,-71.6
1181,1,-37.1,-71.55
1182,2,-37.1,-71.5
1183,5,-37.1,-71.45
1184,3,-37.1,-71.4
1185,3,-37.1,-71.35
1186,1,-37.1,-71.3
1187,5,-37.1,-71.25
1188,4,-37.1,-71.2
1189,1,-37.05,-73.2
1190,4,-37.05,-73.15
1191,4,-37.05,-73.1
1192,1,-37.05,-73.05
1193,2,-37.05,-73.0
1194,2,-37.05,-72.95
1195,4,-37.05,-72.9
1196,2,-37.05,-72.85
1197,3,-37.05,-72.8
1198,3,-37.05,-72.75
1199,5,-37.05,-72.7
1200,1,-37.05,-72.65
1201,2,-37.05,-72.6
1202,1,-37.05,-72.55
1203,3,-37.05,-72.5
1204,5,-37.05,-72.45
1205,3,-37.05,-72.4
1206,2,-37.05,-72.35
1207,1,-37.05,-72.3
1208,1,-37.05,-72.25
1209,3,-37.05,-72.2
1210,2,-37.05,-72.15
1211,5,-37.05,-72.1
1212,3,-37.05,-72.05
1213,1,-37.05,-72.0
1214,3,-37.05,-71.95
1215,4,-37.05,-71.9
1216,5,-37.05,-71.85
1217,3,-37.05,-71.8
1218,4,-37.05,-71.75
1219,5,-37.05,-71.7
1220,1,-37.05,-71.65
1221,5,-37.05,-71.6
1222,5,-37.05,-71.55
1223,4,-37.05,-71.5
1224,5,-37.05,-71.45
1225,2,-37.05,-71.4
1226,1,-37.05,-71.35
1227,3,-37.05,-71.3
1228,3,-37.05,-71.25
1229,1,-37.05,-71.2
1230,5,-37.0,-73.2
1231,3,-37.0,-73.15
1232,3,-37.0,-73.1
1233,1,-37.0,-73.05
1234,5,-37.0,-73.0
1235,3,-37.0,-72.95
1236,4,-37.0,-72.9
1237,5,-37.0,-72.85
1238,1,-37.0,-72.8
1239,1,-37.0,-72.75
1240,1,-37.0,-72.7
1241,2,-37.0,-72.65
1242,1,-37.0,-72.6
1243,4,-37.0,-72.55
1244,5,-37.0,-72.5
1245,2,-37.0,-72.45
1246,4,-37.0,-72.4
1247,1,-37.0,-72.35
1248,2,-37.0,-72.3
1249,1,-37.0,-72.25
1250,3,-37.0,-72.2
1251,1,-37.0,-72.15
1252,5,-37.0,-72.1
1253,4,-37.0,-72.05
1254,1,-37.0,-72.0
1255,2,-37.0,-71.95
1256,2,-37.0,-71.9
1257,1,-37.0,-71.85
1258,3,-37.0,-71.8
1259,2,-37.0,-71.75
1260,1,-37.0,-71.7
1261,2,-37.0,-71.65
1262,4,-37.0,-71.6
1263,1,-37.0,-71.55
1264,3,-37.0,-71.5
1265,3,-37.0,-71.45
1266,4,-37.0,-71.4
1267,4,-37.0,-71.35
1268,1,-37.0,-71.3
1269,5,-37.0,-71.25
1270,5,-37.0,-71.2
1271,3,-36.95,-73.2
1272,3,-36.95,-73.15
1273,1,-36.95,-73.1
1274,4,-36.95,-73.05
1275,2,-36.95,-73.0
1276,5,-36.95,-72.95
1277,5,-36.95,-72.9
1278,4,-36.95,-72.85
1279,2,-36.95,-72.8
1280,5,-36.95,-72.75
1281,5,-36.95,-72.7
1282,3,-36.95,-72.65
1283,2,-36.95,-72.6
1284,3,-36.95,-72.55
1285,4,-36.95,-72.5
1286,3,-36.95,-72.45
1287,1,-36.95,-72.4
1288,2,-36.95,-72.35
1289,1,-36.95,-72.3
1290,1,-36.95,-72.25
1291,4,-36.95,-72.2
1292,1,-36.95,-72.15
1293,1,-36.95,-72.1
1294,3,-36.95,-72.05
1295,4,-36.95,-72.0
1296,5,-36.95,-71.95
1297,3,-36.95,-71.9
1298,1,-36.95,-71.85
1299,3,-36.95,-71.8
1300,2,-36.95,-71.75
1301,4,-36.95,-71.7
1302,1,-36.95,-71.65
1303,4,-36.95,-71.6
1304,5,-36.95,-71.55
1305,5,-36.95,-71.5
1306,5,-36.95,-71.45
1307,5,-36.95,-71.4
1308,1,-36.95,-71.35
1309,3,-36.95,-71.3
1310,3,-36.95,-71.25
1311,3,-36.95,-71.2
1312,2,-36.9,-73.2
1313,1,-36.9,-73.15
1314,1,-36.9,-73.1
1315,3,-36.9,-73.05
1316,2,-36.9,-73.0
1317,2,-36.9,-72.95
1318,2,-36.9,-72.9
1319,5,-36.9,-72.85
1320,4,-36.9,-72.8
1321,3,-36.9,-72.75
1322,5,-36.9,-72.7
1323,2,-36.9,-72.65
1324,4,-36.9,-72.6
1325,3,-36.9,-72.55
1326,2,-36.9,-72.5
1327,4,-36.9,-72.45
1328,1,-36.9,-72.4
1329,4,-36.9,-72.35
1330,4,-36.9,-72.3
1331,2,-36.9,-72.25
1332,4,-36.9,-72.2
1333,2,-36.9,-72.15
1334,4,-36.9,-72.1
1335,3,-36.9,-72.05
1336,1,-36.9,-72.0
1337,3,-36.9,-71.95
1338,5,-36.9,-71.9
1339,2,-36.9,-71.85
1340,5,-36.9,-71.8
1341,4,-36.9,-71.75
1342,5,-36.9,-71.7
1343,5,-36.9,-71.65
1344,2,-36.9,-71.6
1345,5,-36.9,-71.55
1346,1,-36.9,-71.5
1347,2,-36.9,-71.45
1348,3,-36.9,-71.4
1349,3,-36.9,-71.35
1350,3,-36.9,-71.3
1351,3,-36.9,-71.25
1352,5,-36.9,-71.2
1353,1,-36.85,-73.2
1354,3,-36.85,-73.15
1355,3,-36.85,-73.1
1356,1,-36.85,-73.05
1357,2,-36.85,-73.0
1358,3,-36.85,-72.95
1359,1,-36.85,-72.9
1360,4,-36.85,-72.85
1361,1,-36.85,-72.8
1362,2,-36.85,-72.75
1363,2,-36.85,-72.7
1364,4,-36.85,-72.65
1365,3,-36.85,-72.6
1366,2,-36.85,-72.55
1367,1,-36.85,-72.5
1368,3,-36.85,-72.45
1369,5,-36.85,-72.4
1370,2,-36.85,-72.35
1371,5,-36.85,-72.3
1372,4,-36.85,-72.25
1373,1,-36.85,-72.2
1374,1,-36.85,-72.15
1375,5,-36.85,-72.1
1376,3,-36.85,-72.05
1377,1,-36.85,-72.0
1378,4,-36.85,-71.95
1379,5,-36.85,-71.9
1380,5,-36.85,-71.85
1381,4,-36.85,-71.8
1382,4,-36.85,-71.75
1383,3,-36.85,-71.7
1384,1,-36.85,-71.65
1385,3,-36.85,-71.6
1386,5,-36.85,-71.55
1387,3,-36.85,-71.5
1388,5,-36.85,-71.45
1389,3,-36.85,-71.4
1390,2,-36.85,-71.35
1391,1,-36.85,-71.3
1392,1,-36.85,-71.25
1393,2,-36.85,-71.2
1394,3,-36.8,-73.2
1395,2,-36.8,-73.15
1396,5,-36.8,-73.1
1397,1,-36.8,-73.05
1398,5,-36.8,-73.0
1399,1,-36.8,-72.95
1400,4,-36.8,-72.9
1401,2,-36.8,-72.85
1402,5,-36.8,-72.8
1403,2,-36.8,-72.75
1404,3,-36.8,-72.7
1405,5,-36.8,-72.65
1406,2,-36.8,-72.6
1407,5,-36.8,-72.55
1408,4,-36.8,-72.5
1409,2,-36.8,-72.45
1410,5,-36.8,-72.4
1411,3,-36.8,-72.35
1412,5,-36.8,-72.3
1413,3,-36.8,-72.25
1414,4,-36.8,-72.2
1415,2,-36.8,-72.15
1416,1,-36.8,-72.1
1417,2,-36.8,-72.05
1418,1,-36.8,-72.0
1419,4,-36.8,-71.95
1420,3,-36.8,-71.9
1421,2,-36.8,-71.85
1422,4,-36.8,-71.8
1423,3,-36.8,-71.75
1424,3,-36.8,-71.7
1425,4,-36.8,-71.65
1426,5,-36.8,-71.6
1427,3,-36.8,-71.55
1428,2,-36.8,-71.5
1429,5,-36.8,-71.45
1430,3,-36.8,-71.4
1431,1,-36.8,-71.35
1432,5,-36.8,-71.3
1433,1,-36.8,-71.25
1434,5,-36.8,-71.2
1435,5,-36.75,-73.2
1436,3,-36.75,-73.15
1437,3,-36.75,-73.1
1438,3,-36.75,-73.05
1439,5,-36.75,-73.0
1440,3,-36.75,-72.95
1441,1,-36.75,-72.9
1442,3,-36.75,-72.85
1443,4,-36.75,-72.8
1444,1,-36.75,-72.75
1445,2,-36.75,-72.7
1446,1,-36.75,-72.65
1447,3,-36.75,-72.6
1448,3,-36.75,-72.55
1449,4,-36.75,-72.5
1450,1,-36.75,-72.45
1451,1,-36.75,-72.4
1452,5,-36.75,-72.35
1453,3,-36.75,-72.3
1454,1,-36.75,-72.25
1455,5,-36.75,-72.2
1456,4,-36.75,-72.15
1457,3,-36.75,-72.1
1458,1,-36.75,-72.05
1459,2,-36.75,-72.0
1460,4,-36.75,-71.95
1461,4,-36.75,-71.9
1462,5,-36.75,-71.85
1463,3,-36.75,-71.8
1464,2,-36.75,-71.75
1465,3,-36.75,-71.7
1466,5,-36.75,-71.65
1467,5,-36.75,-71.6
1468,1,-36.75,-71.55
1469,4,-36.75,-71.5
1470,5,-36.75,-71.45
1471,3,-36.75,-71.4
1472,3,-36.75,-71.35
1473,4,-36.75,-71.3
1474,5,-36.75,-71.25
1475,1,-36.75,-71.2
1476,1,-36.7,-73.2
1477,3,-36.7,-73.15
1478,1,-36.7,-73.1
1479,3,-36.7,-73.05
1480,2,-36.7,-73.0
1481,4,-36.7,-72.95
1482,2,-36.7,-72.9
1483,5,-36.7,-72.85
1484,1,-36.7,-72.8
1485,4,-36.7,-72.75
1486,1,-36.7,-72.7
1487,2,-36.7,-72.65
1488,2,-36.7,-72.6
1489,1,-36.7,-72.55
1490,5,-36.7,-72.5
1491,5,-36.7,-72.45
1492,4,-36.7,-72.4
1493,2,-36.7,-72.35
1494,1,-36.7,-72.3
1495,3,-36.7,-72.25
1496,3,-36.7,-72.2
1497,5,-36.7,-72.15
1498,2,-36.7,-72.1
1499,2,-36.7,-72.05
1500,2,-36.7,-72.0
1501,2,-36.7,-71.95
1502,3,-36.7,-71.9
1503,1,-36.7,-71.85
1504,3,-36.7,-71.8
1505,3,-36.7,-71.75
1506,1,-36.7,-71.7
1507,2,-36.7,-71.65
1508,5,-36.7,-71.6
1509,3,-36.7,-71.55
1510,3,-36.7,-71.5
1511,4,-36.7,-71.45
1512,5,-36.7,-71.4
1513,4,-36.7,-71.35
1514,4,-36.7,-71.3
1515,2,-36.7,-71.25
1516,3,-36.7,-71.2
1517,5,-36.65,-73.2
1518,3,-36.65,-73.15
1519,4,-36.65,-73.1
1520,3,-36.65,-73.05
1521,4,-36.65,-73.0
1522,4,-36.65,-72.95
1523,2,-36.65,-72.9
1524,2,-36.65,-72.85
1525,3,-36.65,-72.8
1526,5,-36.65,-72.75
1527,4,-36.65,-72.7
1528,4,-36.65,-72.65
1529,2,-36.65,-72.6
1530,4,-36.65,-72.55
1531,3,-36.65,-72.5
1532,1,-36.65,-72.45
1533,1,-36.65,-72.4
1534,4,-36.65,-72.35
1535,2,-36.65,-72.3
1536,1,-36.65,-72.25
1537,2,-36.65,-72.2
1538,3,-36.65,-72.15
1539,4,-36.65,-72.1
1540,5,-36.65,-72.05
1541,3,-36.65,-72.0
1542,5,-36.65,-71.95
1543,1,-36.65,-71.9
1544,3,-36.65,-71.85
1545,1,-36.65,-71.8
1546,3,-36.65,-71.75
1547,3,-36.65,-71.7
1548,2,-36.65,-71.65
1549,3,-36.65,-71.6
1550,4,-36.65,-71.55
1551,3,-36.65,-71.5
1552,4,-36.65,-71.45
1553,2,-36.65,-71.4
1554,1,-36.65,-71.35
1555,5,-36.65,-71.3
1556,3,-36.65,-71.25
1557,5,-36.65,-71.2
1558,5,-36.6,-73.2
1559,1,-36.6,-73.15
1560,2,-36.6,-73.1
1561,2,-36.6,-73.05
1562,5,-36.6,-73.0
1563,4,-36.6,-72.95
1564,2,-36.6,-72.9
1565,3,-36.6,-72.85
1566,4,-36.6,-72.8
1567,2,-36.6,-72.75
1568,1,-36.6,-72.7
1569,3,-36.6,-72.65
1570,5,-36.6,-72.6
1571,1,-36.6,-72.55
1572,4,-36.6,-72.5
1573,1,-36.6,-72.45
1574,5,-36.6,-72.4
1575,1,-36.6,-72.35
1576,5,-36.6,-72.3
1577,4,-36.6,-72.25
1578,3,-36.6,-72.2
1579,1,-36.6,-72.15
1580,4,-36.6,-72.1
1581,5,-36.6,-72.05
1582,4,-36.6,-72.0
1583,3,-36.6,-71.95
1584,2,-36.6,-71.9
1585,1,-36.6,-71.85
1586,2,-36.6,-71.8
1587,5,-36.6,-71.75
1588,4,-36.6,-71.7
1589,2,-36.6,-71.65
1590,5,-36.6,-71.6
1591,2,-36.6,-71.55
1592,5,-36.6,-71.5
1593,4,-36.6,-71.45
1594,4,-36.6,-71.4
1595,2,-36.6,-71.35
1596,4,-36.6,-71.3
1597,3,-36.6,-71.25
1598,1,-36.6,-71.2
1599,1,-36.55,-73.2
1600,3,-36.55,-73.15
1601,4,-36.55,-73.1
1602,3,-36.55,-73.05
1603,2,-36.55,-73.0
1604,1,-36.55,-72.95
1605,4,-36.55,-72.9
1606,2,-36.55,-72.85
1607,3,-36.55,-72.8
1608,1,-36.55,-72.75
1609,4,-36.55,-72.7
1610,3,-36.55,-72.65
1611,5,-36.55,-72.6
1612,3,-36.55,-72.55
1613,3,-36.55,-72.5
1614,1,-36.55,-72.45
1615,3,-36.55,-72.4
1616,2,-36.55,-72.35
1617,1,-36.55,-72.3
1618,3,-36.55,-72.25
1619,1,-36.55,-72.2
1620,5,-36.55,-72.15
1621,5,-36.55,-72.1
1622,1,-36.55,-72.05
1623,2,-36.55,-72.0
1624,5,-36.55,-71.95
1625,1,-36.55,-71.9
1626,2,-36.55,-71.85
1627,2,-36.55,-71.8
1628,4,-36.55,-71.75
1629,2,-36.55,-71.7
1630,3,-36.55,-71.65
1631,4,-36.55,-71.6
1632,2,-36.55,-71.55
1633,3,-36.55,-71.5
1634,3,-36.55,-71.45
1635,1,-36.55,-71.4
1636,3,-36.55,-71.35
1637,4,-36.55,-71.3
1638,5,-36.55,-71.25
1639,5,-36.55,-71.2
1640,1,-36.5,-73.2
1641,1,-36.5,-73.15
1642,3,-36.5,-73.1
1643,2,-36.5,-73.05
1644,2,-36.5,-73.0
1645,3,-36.5,-72.95
1646,1,-36.5,-72.9
1647,4,-36.5,-72.85
1648,4,-36.5,-72.8
1649,2,-36.5,-72.75
1650,2,-36.5,-72.7
1651,5,-36.5,-72.65
1652,5,-36.5,-72.6
1653,5,-36.5,-72.55
1654,4,-36.5,-72.5
1655,5,-36.5,-72.45
1656,4,-36.5,-72.4
1657,2,-36.5,-72.35
1658,4,-36.5,-72.3
1659,3,-36.5,-72.25
1660,3,-36.5,-72.2
1661,3,-36.5,-72.15
1662,2,-36.5,-72.1
1663,5,-36.5,-72.05
1664,4,-36.5,-72.0
1665,1,-36.5,-71.95
1666,1,-36.5,-71.9
1667,5,-36.5,-71.85
1668,5,-36.5,-71.8
1669,5,-36.5,-71.75
1670,1,-36.5,-71.7
1671,1,-36.5,-71.65
1672,1,-36.5,-71.6
1673,2,-36.5,-71.55
1674,1,-36.5,-71.5
1675,1,-36.5,-71.45
1676,5,-36.5,-71.4
1677,3,-36.5,-71.35
1678,1,-36.5,-71.3
1679,4,-36.5,-71.25
1680,3,-36.5,-71.2
1681,4,-36.45,-73.2
1682,4,-36.45,-73.15
1683,4,-36.45,-73.1
1684,5,-36.45,-73.05
1685,5,-36.45,-73.0
1686,3,-36.45,-72.95
1687,4,-36.45,-72.9
1688,5,-36.45,-72.85
1689,4,-36.45,-72.8
1690,2,-36.45,-72.75
1691,2,-36.45,-72.7
1692,3,-36.45,-72.65
1693,4,-36.45,-72.6
1694,2,-36.45,-72.55
1695,4,-36.45,-72.5
1696,1,-36.45,-72.45
1697,3,-36.45,-72.4
1698,4,-36.45,-72.35
1699,1,-36.45,-72.3
1700,5,-36.45,-72.25
1701,1,-36.45,-72.2
1702,2,-36.45,-72.15
1703,5,-36.45,-72.1
1704,4,-36.45,-72.05
1705,2,-36.45,-72.0
1706,3,-36.45,-71.95
1707,5,-36.45,-71.9
1708,4,-36.45,-71.85
1709,5,-36.45,-71.8
1710,1,-36.45,-71.75
1711,2,-36.45,-71.7
1712,4,-36.45,-71.65
1713,4,-36.45,-71.6
1714,2,-36.45,-71.55
1715,4,-36.45,-71.5
1716,1,-36.45,-71.45
1717,5,-36.45,-71.4
1718,1,-36.45,-71.35
1719,1,-36.45,-71.3
1720,1,-36.45,-71.25
1721,4,-36.45,-71.2
1722,3,-36.4,-73.2
1723,3,-36.4,-73.15
1724,4,-36.4,-73.1
1725,2,-36.4,-73.05
1726,5,-36.4,-73.0
1727,5,-36.4,-72.95
1728,2,-36.4,-72.9
1729,5,-36.4,-72.85
1730,4,-36.4,-72.8
1731,5,-36.4,-72.75
1732,2,-36.4,-72.7
1733,3,-36.4,-72.65
1734,5,-36.4,-72.6
1735,1,-36.4,-72.55
1736,2,-36.4,-72.5
1737,2,-36.4,-72.45
1738,1,-36.4,-72.4
1739,4,-36.4,-72.35
1740,4,-36.4,-72.3
1741,2,-36.4,-72.25
1742,4,-36.4,-72.2
1743,5,-36.4,-72.15
1744,3,-36.4,-72.1
1745,5,-36.4,-72.05
1746,4,-36.4,-72.0
1747,4,-36.4,-71.95
1748,1,-36.4,-71.9
1749,5,-36.4,-71.85
1750,5,-36.4,-71.8
1751,1,-36.4,-71.75
1752,2,-36.4,-71.7
1753,3,-36.4,-71.65
1754,4,-36.4,-71.6
1755,3,-36.4,-71.55
1756,5,-36.4,-71.5
1757,5,-36.4,-71.45
1758,2,-36.4,-71.4
1759,3,-36.4,-71.35
1760,3,-36.4,-71.3
1761,1,-36.4,-71.25
1762,3,-36.4,-71.2
